Newagehillbilly,Weekend Warrior
Immortal Lee County Killers,Cool Driver
Ada Jones,Keep Away From the Fellow Who Owns an Automobile
Harlan,Untitled 2
New Waver,Tea Break
Kai,Time Being
Night Gallery,Death Spell
Menhirs of Er Grah,My Orchard Fire
The Years,Long Term Jammers
Arastoo,Moisture On Rust
Sally Hamlin,Our Hired Girl
Dr Clarence Penny,Azalea Waltz
pit malone feat. beekeeper c,quicksand
TSIGOTI,(Can) Don't Sleep Through This
Sputnik Booster,Oi! the Posers (Remix by Computer Truck)
Zlatne Uste Balkan Brass Band,Niski Cocek
Disen Gage,Kategerin
Felipe Sarro,"Alkan, 2me Suite, Op 31, 10 Dans le style fugue, Tres vite"
Manueljgrotesque,grotesque10
Arrogalla remixes Roots Ista Posse,Dubtical mutetu
Ctephin,Tardis Dream (Tribute To Dr.Who)
Learning Music,Countoff
Nonima,Interlude
The Girls At Dawn,When She Goes Away
Noah Coward,Noah Coward
Oblivian Substanshall,Upside Down
Tidy Kid,Smell
Happy Elf,Juno Six Sex
Waylon Thornton and the Heavy Hands,Fell In A Tomb
Jimmy Cousins,Coo Coo Brain
Jeselsohn & Nuñez,Interaccion iii
Shape2,She Says
The Whines,Cut Meat
Flint Hayerr,Vibration
4mat,Tundra
Bruce Miller,sirangi improv
((( vlubä ))),1-3 mm (Excerpt)
Sexteto Tabalá de Palenque,Agua
Chuck Bettis,Technological Crutch
Stuart Chalmers,Stuart Chalmers Hymn 2
The Superfools,Call Me Or I Will Die
johnny_ripper,on the moon
Tchakare Kanyembe,Tchakare Kanyembe track 07
Gosprom,Nevesta (Flayve Remix)
King Felix,Out on the Open Road
Salakapakka Sound System,Field recording from Thailand
Shisd,Pale Ghost
Chilton Taylor Thompson,A Possible End For A Dream
Oliver Lake with the Creative Arts Orchestra,Oliver Lake with CAO
Quest Poetics,Tonight
un automne à Lob-Nor,Untitled 05
Algesis,Stratification
Dungeon Broads,Nothing To Say
The Custodian of Records,Infamous Interlude
Black Sea Hotel,Trendafilcheto
Podington Bear,Alien Language
No Monster Club,Boyhood Deed #11 (Blippity Bloop)
TRema,OscS
Lezet,Kids 4
Hinterlandt,Tired Of This
Keir Neuringer,On Identity
BRIGAND,Metak S` Mojim Imenom
The Fucked Up Beat,Cloud Poems
Ergo Phizmiz,Scratch
Sick To The Back Teeth,Plasma Screen TVs and Spools of Cable
Tickle,Interlude
The Polish Ambassador,Earthship
Nancy,Lucy en el Cielo/Why am I Crying?
Monroeville Music Center,Moon Ball
Jaras Ramunas Alias ENDICHE VIS. SAT,New # 2
Broke For Free,Wash Out
Glass Boy,Bwar
Phemale,1/1/2013
ps,081_030222
Simon Panrucker,Stacks Of Stuff
Bauchamp,128 dirty disto beat
Big Blood,Golden Heart
U Can Unlearn Guitar,Beethoven Really Rolls Over (Rage Over Lost Penny)
Dark Chocolate Chips,SC Posi Wobble
Ketsa,Waiting For No One
Scotch and Soda,Happy Birthday Comfort Stand
Ray Rude,Transform
Vholtz,Fuckin Boring
Project 5am,Wet Ashtray
Tyler Twombly,Pump It
The Red Thread,All In
Alpha Hydrae,Paix
The Carbon Manual,Whisper (E.T. Mix)
In De Nadfin,I wanna dance like a monkey
Jesse Spillane,No Disclaimer
Jared C. Balogh,Micro Composition 28
Preti Pedofili,Il Sol dell'Avvenire
Ido Bukelman,4. The Pear Tree
Lofiuser,Radiant Jaguar
Jimmy Watt,Perpethual Background of a Field (second sight) - Part I
Monplaisir,Le meilleur des mondes
J Hacha de Zola,Ice Cream & Cigarettes
Neuroleptic Trio,Summer Variations V
Starover Blue,A Flower In Space
